award_id	award_name
277751	Academy Award for Best Production Design
103618	Academy Award for Best Actress
21995338	Academy Award for Best Director (Dramatic Picture)
107258	Academy Award for Best Writing, Adapted Screenplay
131520	Academy Award for Best Cinematography
3451157	Academy Award for Best Director (Comedy Picture)
504298	Academy Award for Best Story
3886463	Academy Award for Best Engineering Effects
727328	Academy Honorary Award
103916	Academy Award for Best Actor
22117120	Academy Award for Best Writing
103360	Academy Award for Best Director
6500774	Laurence Olivier Award for Best Actress
830079	Academy Award for Best Sound
281939	Academy Award for Best Film Editing
56703675	Korea Musical Award for Best Supporting Actress
22752811	Academy Award for Best Score, Adaptation or Treatment
7886343	Mussolini Cup
2089923	Volpi Cup for Best Actor
501004	Academy Award for Best Assistant Director
185493	Order of Lenin
2329480	Stalin Prize
106301	Academy Award for Best Supporting Actress
734335	Louis Delluc Prize
106291	Academy Award for Best Supporting Actor
1337827	Silver Lion
56669004	State Stalin Prize, 1st degree
488651	Academy Award for Best Original Score
478850	Order of the Red Banner of Labour
2089918	Volpi Cup for Best Actress
960966	Order of the Badge of Honour
21995136	Academy Award for Best Cinematography, Color
1790292	National Board of Review Award for Best Actor
22917729	Academy Award for Best Special Effects
21995139	Academy Award for Best Cinematography, Black-and-White
1790281	New York Film Critics Circle Award for Best Actor
41417	Academy Award for Best Writing, Original Screenplay
112243	Academy Award for Best Original Song
22253133	Academy Award for Best Art Direction, Black and White
22253131	Academy Award for Best Art Direction, Color
22235329	Academy Award for Best Original Dramatic Score
4671338	Academy Award for Best Original Musical Score
1419495	National Board of Review Award for Best Actress
56669015	State Stalin Prize, 2nd degree
22752868	Academy Award for Best Original Dramatic or Comedy Score
24265493	Order of the Red Banner of Labor
822907	Golden Globe Award for Best Supporting Actress – Motion Picture
586356	Golden Globe Award for Best Director
5406912	Jussi Award for Best Photography
3110061	Golden Globe Award for Best Actor in a Leading Role
4790397	Ariel Award for Best Actress
4834543	BAFTA Award for Most Promising Newcomer to Leading Film Roles
1546403	Ariel Award
463085	Golden Globe Award for Best Actress – Motion Picture Drama
179808	Palme d'Or
22001258	Medal of the Circle of Cinematographic Writers for the best actress
844804	Cannes Film Festival Grand Prix
586140	Cannes Film Festival Award for Best Actor
723830	Golden Globe Award for Best Supporting Actor – Motion Picture
3870548	Nastro d'Argento for Best Supporting Actor
117845627	Ariel for best sound
18693547	Jussi Award for Best Supporting Actor
20002171	Mainichi Film Award for Best Screenplay
3870551	Nastro d'Argento for Best Supporting Actress
1061238	Nastro d'Argento for Best Director
840286	Cannes Film Festival Award for Best Actress
3870549	Nastro d'Argento for Best Actor
593098	Golden Globe Award for Best Actor – Motion Picture Drama
1534906	Golden Globe Award for New Star of the Year – Actor
849124	Golden Globe Award for Best Screenplay
3870555	Nastro d'Argento for Best Actress
1714070	Jussi Award for Best Direction
11886693	Jussi Award for Best Script
6359041	Ariel Award for Best Actor
889840	Bodil Award for Best Actor in a Leading Role
20002163	Mainichi Film Award for Best Director
889841	Bodil Award for Best Actor in a Supporting Role
22120066	Academy Award for Best Costume Design, Color
510175	Cannes Best Director Award
111332	Academy Award for Best Documentary Feature Film
22120095	Academy Award for Best Costume Design, Black-and-White
11973242	Gullruten award for best actor
1052227	Kinema Junpo
889842	Bodil Awards
3895781	Leopard for Best Direction
696998	National Board of Review Award for Best Director
1966051	Nastro d'Argento for Best Screenplay
3110055	Golden Globe Special Award – Juvenile Performance
18388323	Kinema Junpo Award for Best Film of the Year
3405005	Mainichi Film Award for Best Film
3858187	Filmkritikerprisen
3110053	Golden Globe for best actress
1422140	Golden Globe Award for Best Original Score
889837	Bodil Award for Best Actress in a Leading Role
56669016	State Stalin Prize, 3rd degree
209459	Golden Lion
1714071	Jussi Award for Best Leading Actor
20982919	Blue Ribbon Awards for Best Screenplay
3873087	National Board of Review Awards 1951
181883	Golden Globe Award for Best Actor – Motion Picture Musical or Comedy
19833431	Blue Ribbon Awards for Best Director
102427	Academy Award for Best Picture
277536	Academy Award for Best Costume Design
978420	Best Screenplay Award (Cannes Film Festival)
687123	BAFTA Award for Best Actress in a Leading Role
139184	BAFTA Award for Best Film
1204825	German Film Award for Best Screenplay
1204812	German Film Award for Best Direction
708135	Silver Bear
2285858	Silver Bear for best original music
1291221	Golden Globe Award for New Star of the Year – Actress
1011547	Golden Globe Award
20982918	Blue Ribbon Awards for Best Newcomer
1414482	Filmfare Award for Best Actress
578116	Filmfare Award for Best Music Director
13601550	Kinema Junpo award
2663714	BAFTA Award for Best British Film
19833556	Blue Ribbon Awards for Best Supporting Actor
1258149	Jussi Awards
2779726	Prix Suzanne Bianchetti
944480	Grand Jury Prize of the Venice Film Festival
1113428	Filmfare Award for Best Director
1414525	Filmfare Award for Best Film
3870557	Nastro d'Argento for Best Score
23498085	Medal of the Circle of Cinematographic Writers for the best actor
610136	Silver Shell for Best Actor
1011509	Golden Globe Award for Best Motion Picture – Drama
154590	Golden Bear
7650000	Sutherland Trophy
5579144	Golden Arena for Best Actress
966068	Filmfare Award for Best Supporting Actor
1204811	Deutscher Filmpreis for best actor in a supporting role
708731	German Film Award
670282	Golden Globe Award for Best Motion Picture – Musical or Comedy
787089	BAFTA Award for Best Screenplay
400007	BAFTA Award for Best Actor in a Leading Role
1700510	Golden Leopard
1414545	Filmfare Award for Best Editing
1714069	Jussi Award for Best Leading Actress
19843065	Mainichi Film Award for Best Supporting Actor
1011564	Golden Globe Award for Best Actress – Motion Picture Musical or Comedy
105304	Academy Award for Best International Feature Film
19833553	Blue Ribbon Awards for Best Foreign Film
6967724	Nastro d'Argento for Best Producer
18378043	Ariel Award for Best Direction
388433	Filmfare Award for Best Supporting Actress
1414533	Filmfare Award for Best Actor
768505	David di Donatello for Best Actress
16612253	Targa d'Oro
3703461	David di Donatello for Best Producer
114387698	Butaca Award for best musical actress
11886699	Jussi Award for Best Producer
1435633	National Film Award for Best Feature Film
3353237	Bodil Award for Best American Film
1967162	National Film Award for Best Feature Film in Bengali
1328249	National Board of Review Award for Best Foreign Language Film
3703463	David di Donatello for Best Director
1790273	New York Film Critics Circle Award for Best Actress
226003	New York Film Critics Circle
18693535	Jussi Award for Best Editing
706031	Silver Bear for Best Director
1637197	National Board of Review Award for Best Supporting Actress
376834	Silver Bear for Best Actress
3703462	David di Donatello for best foreign production
6359055	Silver Condor Award for Best Actor
674165	Tony Award for Best Featured Actor in a Musical
164200	Jury Prize
3404523	David di Donatello for Best Foreign Actor
114267430	BAFTA Award for Best Foreign Actor
3414212	Hugo Award for Best Dramatic Presentation
1204806	German Film Award for best original music
1186171	Blue Ribbon Awards
1414514	Filmfare Award for Best Dialogue
1204804	German Film Award for Best Cinematography
2372386	Sant Jordi Prize
128649	David di Donatello for Best Actor
51067	Lenin Prize
4887617	Bengal Film Journalists' Association Awards
630018	Bambi Award
819973	Silver Bear for Best Actor
1281536	Filmband in Silber
5593887	Grammy Award for Best Sound Track Album or Recording of Original Cast From a Motion Picture or Television
1340271	Mainichi Film Award
516771	National Film Award for Second Best Feature Film
19833555	Blue Ribbon Awards for Best Film
3404587	FIPRESCI Prize of the Festival de Cannes
3404521	David di Donatello for Best Foreign Actress
787131	BAFTA Award for Best Direction
3550705	United Nations Awards
1414489	Filmfare Award for Best Cinematographer
18693550	Jussi Award for Best Original Score
11886698	Jussi Award for Best Supporting Actress
3352913	Bodil Award for Best Non-American Film
449353	National Prize of East Germany
580698	Filmfare Award for Best Male Playback Singer
1596379	Heinrich Greif Prize
579634	San Francisco International Film Festival
5280710	Directors Guild of Japan New Directors Award
2565389	Crystal Globe
1204815	German Film Award for Best Actress
4146630	Vasilyev Brothers State Prize of the RSFSR
6129121	Sindicato Nacional del Espectáculo
608967	Silver Shell for Best Director
13091028	Golden Globe for Best Film Promoting International Understanding
17500591	Golden Horse Award for Best Leading Actor
1967157	National Film Award for Best Non-Feature Film
108730412	Golden Gate Award
4887620	Bengal Film Journalists' Association – Best Actor Award
1266608	Silver Bear for Outstanding Artistic Contribution
19833467	Blue Ribbon Awards for Best Actor
6359057	Silver Condor Award for Best Director
610152	Silver Shell for Best Actress
19833557	Blue Ribbon Awards for Best Supporting Actress
775086	Golden Shell
1242148	Laurel Awards
640374	Tony Award for Best Direction of a Play
13634272	David di Donatello Award for Lifetime Achievement
3123491	Primetime Emmy Award for Outstanding Writing for a Drama Series
1716697	National Film Award for Best Feature Film in Hindi
39372459	Moscow International Film Festival awards
393686	Academy Award for Best Visual Effects
19952250	Courteline Prize
696972	New York Film Critics Circle Award for Best Director
1204831	German Film Award for Best Feature Film
488645	Academy Award for Best Sound Editing
17500987	Golden Horse Award for Best Director
17500983	Golden Horse Award for Best Leading Actress
1662330	Globo d'oro
949173	Mar del Plata Film Festival
833154	Edgar Awards
4376972	Grammy Award for Best Score Soundtrack for Visual Media
20002182	Mainichi Film Award for Best Supporting Actress
1789544	National Board of Review Award for Best Supporting Actor
1351858	Erich-Weinert-Medaille
20077554	Golden Arena for Best Supporting Actress
5593753	Grammy Award for Best Children's Music Album
21973897	Grammy Award for Best Recording for Children
387380	Golden Globe Award for Best Non-English Language Film
18814863	Jussi Awards 1968
787065	BAFTA Award for Best British Screenplay
3812810	Kansas City Film Critics Circle Awards 1966
1414504	Filmfare Award for Best Story
4589995	Golden Arena for Best Actor
1315008	National Society of Film Critics Award for Best Director
758861	USSR State Prize
1967202	National Film Award for Best Screenplay
7683340	Tanit d'or
1685299	Prix Jean Vigo
16687981	Nika award for the best work of the artist Costume
6978541	National Society of Film Critics Award for Best Screenplay
1435635	National Film Award for Best Direction
664212	Silver Bear Grand Jury Prize
871861	BitLocker
16687976	Nika award for the best cinematography
2947527	Kansas City Film Critics Circle Award for Best Director
787098	BAFTA Award for Best Original Music
22752734	Academy Award for Best Original Score, no Musical
8038461	Writers Guild of America Award for Best Original Screenplay
787104	BAFTA Award for Best Costume Design
3703465	David di Donatello for Best Foreign Director
6359242	Sitges Film Festival Best Feature-Length Film award
24051551	Sitges Film Festival Best Actor award
11038927	National Film Award for Best Actor
16965862	Silver Condor Award for Best Adapted Screenplay
1967731	National Society of Film Critics Award for Best Actor
1967148	National Film Award for Best Cinematography
787123	BAFTA Award for Best Actress in a Supporting Role
4887637	Bengal Film Journalists' Association – Best Supporting Actress Award
1590605	NAACP Image Award for Outstanding Supporting Actor in a Motion Picture
1983066	New York Film Critics Circle Award for Best Film
1967719	National Society of Film Critics Award for Best Supporting Actress
305457	Kansas City Film Critics Circle Awards 1972
12344311	Bodil Honorary Award
165313	National Society of Film Critics Award for Best Supporting Actor
24051550	Sitges Film Festival Best Director award
1415017	Writers Guild of America Award
768476	David di Donatello for Best Film
4835526	BFJA Awards for Best Actor
22344608	Academy Award for Best Original Song Score
5280675	Directors Guild of America Award for Outstanding Directing – Feature Film
1792577	Art Prize of the German Democratic Republic
1983113	New York Film Critics Circle Award for Best Supporting Actor
548389	BAFTA Award for Best Actor in a Supporting Role
933084	National Film Award for Best Music Direction
489713	National Film Award for Best Actress
110145	MTV Movie & TV Awards
1653137	NAACP Image Award for Outstanding Actor in a Motion Picture
5593816	Grammy Award for Best Arrangement, Instrumental or A Cappella
1204822	German Film Award for Best Editing
1554228	Guldbagge Award for Best Director
672083	Filmfare Special Award
1472235	Golden Globe Award for Best Original Song
6343186	Ariel Award for Best Supporting Actress
24051554	Sitges Film Festival Best Screenplay award
5796550	Círculo de Escritores Cinematográficos
889836	Bodil Award for Best Actress in a Supporting Role
1268927	National Society of Film Critics Award for Best Actress
19951437	French Syndicate of Cinema Critics Awards
2947541	Kansas City Film Critics Circle Award for Best Actress
24051552	Sitges Film Festival Best Actress award
61071512	International Adana Film Festival Best Film Award
1789102	National Board of Review Award for Best Film
472379	Grimme-Preis
20744362	New York Film Critics Circle Awards
20057153	The Theatre Critics' Awards
11789175	Zbigniew Cybulski Award
739633	BAFTA Award for Best Sound
787145	BAFTA Award for Best Editing
1966054	Silver Ribbon for best foreign film director
4377065	Lenin Komsomol Prize
16509832	Jean-Le-Duc award
900414	César Award for Best Foreign Film
24137	César Award for Best Director
900369	César Award for Best Writing
900352	César Award for Best Production Design
900424	César Award for Best Supporting Actor
84000	César Award for Best Supporting Actress
2116650	Saturn Award for Best Make-up
1258647	Saturn Award for Best Supporting Actor
1265702	Saturn Award for Best Director
644077	Nebula Award for Best Script
2108656	Ariel Award for Best Picture
110885023	Ariel Award for Best Screenplay
225085	César Award for Best Cinematography
900378	César Award for Best Sound
105447	Saturn Award
1257399	Saturn Award for Best Supporting Actress
24241	César Award for Best Actress
23091	César Award for Best Music Written for a Film
900494	César Award for Best Actor
1659572	NAACP Image Award for Outstanding Actress in a Motion Picture
18814874	Jussi Award for Best Team
900447	César Award for Best Editing
1414383	Filmband in Gold
645595	César Award for Best Film
4649795	AACTA Award for Best Actress in a Supporting Role
4649792	AACTA Award for Best Actor in a Supporting Role
4649800	AACTA Award for Best Actress in a Leading Role
508166	BAFTA Award for Best Production Design
3600406	AACTA Award for Best Film
4649797	AACTA Award for Best Actor in a Leading Role
4824156	Australian Film Institute Award for Best Screenplay
4649799	AACTA Award for Best Cinematography
4649807	AACTA Award for Best Direction
122001648	GLAAD Media Award for Outstanding Broadway Production
1452845	Art Award of the FDGB
1259362	Saturn Award for the Best Actor
41375	BAFTA Award for Best Original Screenplay
505395	Los Angeles Film Critics Association Award for Best Foreign Language Film
3703453	David di Donatello for Best Costume Designer
4649794	AACTA Award for Best Adapted Screenplay
1070889	Taormina Film Fest
6393466	Kerala State Film Award for Best Story
251371	National Film Award for Best Feature Film in Malayalam
6393444	Kerala State Film Award for Best Director
13641241	Kerala State Film Award for Best Film
130871	Berlin International Film Festival
4649817	AACTA Award for Best Original Music Score
1414573	Filmfare Critics Award for Best Movie
2032630	Special Achievement Academy Award
25345783	Primetime Emmy Award for Outstanding Directing for a Documentary/Nonfiction Program
5280673	Directors Guild of America Award for Outstanding Directing – Documentaries
84829814	Kinema Junpo Awards for Best Actor
511553	BAFTA Award for Best Documentary
501273	Los Angeles Film Critics Association Award for Best Actress
503034	Los Angeles Film Critics Association Award for Best Actor
778870	BAFTA Award for Best Cinematography
1494211	National Film Award for Best Children's Film
4649801	AACTA Award for Best Costume Design
4649818	AACTA Award for Best Original Screenplay
775091	Caméra d'Or
4834546	BAFTA Outstanding British Contribution to Cinema Award
896668	Ernst Lubitsch award
87843257	UCIN Award for Best Original Score
6393425	Kerala State Film Award for Best Actor
2925687	BAFTA Award for Best Film Not in the English Language
4649808	AACTA Award for Best Editing
174389	César Award
1480781	Japan Academy Prize for Outstanding Performance by an Actor in a Leading Role
3870546	Nastro d'Argento for Best New Director
15942031	4th Japan Academy Prize
602866	Golden Raspberry Award for Worst Actress
1421666	Golden Raspberry Award for Worst Screenplay
1780634	Golden Raspberry Award for Worst Picture
5533175	Genie Award for Best Performance by a Foreign Actor
5533178	Genie Award for Best Performance by a Foreign Actress
2549777	Golden Screen Award
13636514	Hong Kong Film Award for Best Actress
641316	Golden Raspberry Award for Worst Supporting Actor
1467106	Japan Academy Prize for Outstanding Performance by an Actress in a Leading Role
1238714	Golden Raspberry Award for Worst Director
977915	Golden Raspberry Award for Worst Supporting Actress
602299	Golden Raspberry Award for Worst Actor
28751895	Hōchi Film Award for Best Picture
24259221	Yokohama Film Festival Best Actress
85196003	Seiun Award for Best Comic
115462255	Humanismin käsi
487136	Academy Award for Best Makeup and Hairstyling
385186	Golden Raspberry Award for Worst New Star
1413741	Saturn Award for Best Actress
1868927	London Film Critics Circle Award for Director of the Year
655056	César Award for Best First Feature Film
4649821	AACTA Award for Best Production Design
918617	BAFTA Award for Best Makeup and Hair
1683209	Japan Academy Prize for Screenplay of the Year
1387050	Japan Academy Prize for Director of the Year
1535128	Golden Raspberry Award for Worst Musical Score
4649826	AACTA Award for Best Sound
31579	David di Donatello
1420891	Golden Raspberry Award for Worst Original Song
239675	César Award for Best short documentary
16965854	Silver Condor Award for Best Supporting Actor
1870452	Los Angeles Film Critics Association Award for Best Cinematography
85317660	Medalla del Círculo de Escritores Cinematográficos al mejor actor secundario
8555	Saturn Award for Best Special Effects
652644	Boston Society of Film Critics Award for Best Director
505449	Los Angeles Film Critics Association Award for Best Director
1757366	Saturn Award for Best Music
981030	Saturn Award for Best Writing
1868950	London Film Critics Circle Award for Actor of the Year
545970	César Award for Best Original Screenplay
19819293	Genie Award for Best Supporting Actor
1388076	London Film Critics Circle Award for Film of the Year
378567	Japan Academy Prize for Picture of the Year
11789187	Gdynia Film Festival Award for Best Editing
17500598	Golden Horse Award for Best Supporting Actor
832120	César Award for Best Adaptation
1554225	Guldbagge Award for Best Actress in a Leading Role
16056339	Hong Kong Film Award for Best Action Choreography
5579759	Golden Rooster Award for Best Supporting Actress
900360	César Award for Best French-Speaking Film
389628	Filmfare Award for Best Performance in a Comic Role
24051559	Sitges Film Festival best special effects award
49025	Volpi Cup
1463881	Robert Award for Best Actor in a Leading Role
1538926	Robert Award for Best Actress in a Leading Role
3703472	David di Donatello for Best Script
1535532	Golden Calf for Best Actress
29597	César Award for Most Promising Actress
2295041	Independent Spirit Award for Best Director
3774974	Sundance Film Festival U.S. Dramatic Grand Jury Prize Award
6978539	National Society of Film Critics Award for Best Cinematography
971008	Saturn Award for Best Costume
30135073	David di Donatello for Best Original Script
1671071	Robert Award for Best Score
23055162	Robert Award for Best Editing
2156273	Robert Award for Best Cinematography
24904744	Robert Award for Best Sound Design
1505691	Robert Award for Best Danish Film
2475536	Robert Award for Best Costume Design
5942208	Hundred Flowers Award for Best Actor
1461985	National Film Award for Best Supporting Actor
120661265	Sitges Film Festival Best cinematography
1707516	National Society of Film Critics Award for Best Non-Fiction Film
17081895	New York Latin ACE Awards
110426704	Artios Award
912538	Robert Award for Best Actress in a Supporting Role
18910417	Amanda Award for Best Actress
28470	Laurence Olivier Award
2295011	Independent Spirit Award for Best Foreign Film
1346707	Robert Award for Best Screenplay
18910416	Amanda Award for Best Actor
13635451	Grammy Award for Best Instrumental Composition
17748520	Amanda Award for Best Foreign Feature Film
5942219	Hundred Flowers Award for Best Actress
727282	Honorary César
6114830	Jack Richardson Producer of the Year Award
13000408	Nandi Award for Best Director
787127	BAFTA Award for Best Special Visual Effects
429700	Goya Award for Best Supporting Actress
311836	Independent Spirit Awards
2972198	Ciak d'oro
21235042	David René Clair
1379415	Goya Award for Best Actress
10873945	Golden Rooster Award for Best Actor
739694	BAFTA Award for Best Adapted Screenplay
1058012	Hochi Film Award
3405076	Prix Médicis étranger
731542	Strega Prize
1204813	German Film Award for Best Actor
3703470	David di Donatello for Best Original Song
1170507	Independent Spirit Award for Best Screenplay
8038458	Writers Guild of America Award for Best Adapted Screenplay
17500990	Golden Horse Award for Best Adapted Screenplay
1377777	European Film Award for Best Screenwriter
1520004	Goya Award for Best Actor
2463699	Goya Award for Best Adapted Screenplay
1367639	Goya Award for Best Supporting Actor
2544851	Independent Spirit Award for Best Female Lead
1326340	Grammy Award for Best Comedy Album
1377755	European Film Award for Best Director
3734887	European Film Award for Best Supporting Actor
5894560	Hong Kong Film Award for Best Director
1535134	Golden Raspberry Award for Worst Visual Effects
77533361	European Film Academy Special Jury Award
3703451	David di Donatello for Best Supporting Actor
182836	Teddy Award
16324366	Robert Award for Best Production Design
932281	European Film Award for Best Actor
60787217	European Film Award for Best Young Actor or Actress
912545	Robert Award for Best Actor in a Supporting Role
16687986	Nika Award for Best Screenplay
431668	Nika Award
2000095	Goya Award for Best Costume Design
48705	César Award for Most Promising Actor
4376980	Canadian Screen Award for Best Screenplay
3021821	Kansas City Film Critics Circle Award for Best Supporting Actor
77528995	European Film Academy Special Aspect Award for Best Art Direction
20649162	Nikkan Sports Film Award for Best Director
3019369	Daytime Emmy Award for Outstanding Children's Animated Program
900385	César Award for Best Costume Design
1377738	European Film Award for Best Actress
20649914	European Film Award for Best Supporting Performance
1377736	European Film Award for Best Composer
777921	European Film Award for Best Film
494588	Young Artist Awards
3703458	David di Donatello for Best Sound
3734888	Young European Film of the Year
2634446	Goya Award for Best Original Screenplay
113153203	Guldbaggen för kreativa insatser
9062315	Premi Nacional de Cinema
20078700	European Film Award for Best Supporting Actress
1414470	Filmfare Award for Best Choreography
1170493	Independent Spirit Award for Best Cinematography
894591	Boston Society of Film Critics Award for Best Actor
1967210	National Film Award for Best Popular Film Providing Wholesome Entertainment
889845	Bodil Award for Best Danish Film
23055163	Robert Award for Best Makeup
30135071	David di Donatello for Adapted Screenplay
3703466	David di Donatello for Best Sets and Decorations
5449100	Filmfare Award for Best Music Director – Tamil
19310346	Anjalankoski Film Award
1377733	European Film Award for Best Cinematographer
894598	Boston Society of Film Critics Award for Best Supporting Actress
428808	Grammy Award for Best Song Written for Visual Media
66370965	Wolfgang Staudte Award
783736	Austrian Ticket
20649173	Nikkan Sports Film Award for Best Newcomer
2463743	Goya Award for Best Cinematography
3394360	Goya Award for Best Producer
1111310	Directors Guild of America Award
1390226	Goya Award for Best New Director
2735625	Goya Award for Best Spanish Language Foreign Film
1377771	European Film Award for Best Production Designer
3010521	César des Césars
5211225	Dallas-Fort Worth Film Critics Association Award for Best Director
979210	Goya Award for Best Special Effects
1881623	FAMAS Award for Best Director
1414555	Filmfare Award for Best Male Debut
4146631	State Prize of the Russian Federation
77735071	European Film Award for European Discovery of the Year
77708227	European Film Award Special Mention
4377013	Nika Award for Best Director
609977	European Film Award for Best Editor
1540553	Goya Award for Best Director
905247	MTV Movie Award for Best Comedic Performance
2294693	Independent Spirit Award for Best Supporting Male
18760491	Fotogramas de Plata for best leading actor (film)
24904743	Robert Award for Best Visual Effects
3703464	David di Donatello for Best New Director
3886190	Silver Bear for an outstanding single achievement
6359049	Silver Condor Award for Best Actress
257235	MTV Movie Award for Best Kiss
2544859	Independent Spirit Award for Best Male Lead
11615995	Art Encouragement Prizes
1161103	MTV Movie Award for Most Desirable Male
18693574	Jussi Award for Best Costume Design
185299	Tony Award for Best Actress in a Play
5211221	Dallas-Fort Worth Film Critics Association Award for Best Actor
1071903	Chicago Film Critics Association Award for Best Actor
894592	Boston Society of Film Critics Award for Best Supporting Actor
2947548	Kansas City Film Critics Circle Award for Best Actor
4220901	MTV Movie Award for Best Male Performance
28782559	Ophir Award for Best Cinematography
326220	Montreal World Film Festival
5894567	Hong Kong Film Award for Best Supporting Actor
1027904	Grammy Award for Song of the Year
1377683	European Film Academy Critics Award
2026838	Ophir Award (best director)
77849171	European Film Award for Best Achievement
4824149	Australian Film Institute Award for Best Foreign Film
175235	Chicago Film Critics Association Award for Best Supporting Actor
7569444	Southeastern Film Critics Association Award for Best Actor
1062026	MTV Movie Award for Best Villain
2418096	Goya Award for Best European Film
27500599	Czech Lion for Best Editing
1170500	Independent Spirit Award for Best First Feature
28782509	Ophir Award for Best Original Music
1062019	MTV Movie Award for Best Breakthrough Performance
1794567	Preis der deutschen Filmkritik
16020748	FIPRESCI Prize at Berlinale
4220900	MTV Movie Award for Best On-Screen Duo
5894548	Hong Kong Film Award for Best Cinematography
17500985	Golden Horse Award for Best Supporting Actress
812332	Bavarian TV Awards
27535396	Ophir Award for Best Supporting Actress
18693595	Risto Jarva Award
1868921	London Film Critics Circle Award for Actress of the Year
1414566	Filmfare Critics Award for Best Actress
1377752	European Film Award for Best Documentary
6393457	Kerala State Film Award for Best Screenplay
2607192	Czech Lion for Best Supporting Actor
389636	Filmfare Award for Best Performance in a Negative Role
2294705	Independent Spirit Award for Best Supporting Female
1320315	Screen Actors Guild Award for Outstanding Performance by a Female Actor in a Supporting Role
158428	Stockholm International Film Festival
39543186	Silver George for Best Director
832127	César Award for Best Documentary Film
2000087	Goya Award for Best Editing
2620100	Academy of Canadian Cinema and Television Award for Best Motion Picture
654620	Screen Actors Guild Award for Outstanding Performance by a Male Actor in a Leading Role
22342909	Premios CEC
1408677	Annecy International Animation Film Festival
6736646	Mainichi Film Award for Best Animation Film
601549	Saturn Award for Best Performance by a Younger Actor
2708642	Goya Award for Best New Actor
4631343	Filmfare Critics Award for Best Actor
3703454	David di Donatello for Best Cinematography
377293	Tony Award for Best Direction of a Musical
1348378	Tony Award for Best Costume Design
28867014	Golden Reel Award for Best Sound Editing: Music in a Feature Film
1129487	Screen Actors Guild Award for Outstanding Performance by a Female Actor in a Leading Role
114347999	Butaca Award for best Catalan film actress
3870558	Nastro d'Argento Special
4220897	MTV Movie Award for Best Dance Sequence
27230322	Ophir Award for Best Actress
4745055	American Society of Cinematographers Award for Outstanding Achievement in Cinematography in Theatrical Releases
748018	MTV Movie Award for Best Action Sequence
3841639	MTV Movie Award for Most Desirable Female
4220898	MTV Movie Award for Best Female Performance
116600590	Prize of the Ecumenical Jury Cannes
5894551	Hong Kong Film Award for Best Actor
4722629	Hong Kong Film Award for Best Film
7096158	Open Palm Award
518675	Screen Actors Guild Award for Outstanding Performance by a Cast in a Motion Picture
1260789	Screen Actors Guild Award for Outstanding Performance by a Male Actor in a Supporting Role
922348	Broadcast Film Critics Association Award for Best Supporting Actor
1713744	Jupiter Awards
5569374	Producers Guild of America Award for Best Theatrical Motion Picture
3703460	David di Donatello for Best Score
6978540	National Society of Film Critics Award for Best Foreign Language Film
1377772	European Film Award for Best Non-European Film
24112	César Award for Best Producer
19819292	Genie Award for Best Actress in a Supporting Role
3822438	Butaca Awards
922322	Critics' Choice Movie Award for Best Actor
2327984	Goya Award for Best Original Music
1043431	Tokyo International Film Festival
22235305	Academy Award for Best Original Musical or Comedy Score
448468	Bavarian Film Awards
9062425	Turia Awards
2634221	Goya Award for Best New Actress
17001476	London Film Critics Circle Award for British Actor of the Year
922273	Broadcast Film Critics Association Award for Best Supporting Actress
1398170	National Film Award – Special Jury Award / Special Mention
506565	Los Angeles Film Critics Association Award for Best Supporting Actor
2092962	Satellite Award for Best Director
10311458	Nihon SF Taisho Award
367996	Screen Award for Best Supporting Actor
2694852	Filmfare Award for Best Screenplay
734036	MTV Movie Award for Best Fight
3473903	Satellite Award for Best Editing
1749539	Satellite Award for Best Visual Effects
1967129	National Film Award for Best Art Direction
453745	Amanda Awards
55639519	Czech Lion Award for Best Screenplay
20106093	Best foreign work published in Spain
1557165	Czech Lion for Best Cinematography
2348108	Satellite Award for Best Supporting Actress – Motion Picture
1377753	European Film Academy Achievement in World Cinema Award
765404	Satellite Award for Best Original Screenplay
828289	Broadcast Film Critics Association Award for Best Foreign Language Film
2906822	Blockbuster Entertainment Awards
3404611	François Chalais Prize
1535145	Golden Raspberry Award for Worst Screen Couple/Ensemble
17053510	ARIA Award for Best Original Soundtrack, Cast or Show Album
20252544	Jussi Award for Best Debut
2607183	Czech Lion Award for Best Actor in Leading Role
1638207	Satellite Award for Best Cinematography
1204819	German Film Award for Best No-German Film
5461346	Florida Film Critics Circle Award for Best Cast
3910472	Bram Stoker Award for Best Screenplay
3404984	Lumières Award for Best Screenplay
628637	European Film Award – People's Choice Award for Best European Film
511230	Lumières Award for Best Actress
17500980	Golden Horse Award for Best Original Film Score
1659569	NAACP Image Award for Outstanding Supporting Actress in a Motion Picture
697007	National Board of Review Award for Best Cast
2024475	Online Film Critics Society Award for Best Cast
4796784	Art Directors Guild Award for Excellence in Production Design for a Feature Film
5412594	Jameson People's Choice Award for Best Actress
3667644	Chicago Film Critics Association Award for Best Original Score
2357620	Satellite Award for Best Original Score
3827280	Las Vegas Film Critics Society Award for Best Song
3965593	Southeastern Film Critics Association Award for Best Supporting Actor
649232	Satellite Award for Best Art Direction and Production Design
1377763	European Film Award for European Discovery of the Year
1627408	Satellite Award for Best Actor – Motion Picture
1377773	European Film Award - People's Choice Award for Best Director
1075366	Chlotrudis Award for Best Adapted Screenplay
5412592	Jameson People's Choice Award for Best Actor
566905	Annie Award
5261137	Satellite Award for Best Actress – Motion Picture Musical or Comedy
21296535	Best Performance in a Feature Film - Supporting Young Actor
3473889	Satellite Award for Best Cast – Motion Picture
1231643	Saturn Award for Best Animated Film
20649197	Yūjirō Ishihara Newcomer Award
5894564	Hong Kong Film Award for Best New Performer
1535550	Golden Calf for Best Feature Film
17078947	Metro Manila Film Festival Award for Best Director
28792027	Chicago International Film Festival Awards
17079098	Metro Manila Film Festival Award for Best Supporting Actor
6952068	NAACP Image Award for Outstanding Performance in a Youth/Children's Series or Special
786357	Premios Ondas
106800	Academy Award for Best Animated Feature
1535563	Golden Calf for Best Script
2607179	Czech Lion for Best Director
905413	MTV Movie Award for Best Performance
28782580	Ophir Award for Best Leading Actor
24275934	Teen Choice Award for Choice Movie: Chemistry
18358738	Blue Ribbon Awards for Best Actress
1171956	Independent Spirit Award for Best First Screenplay
17011060	Teen Choice Award for Best Villain
6718743	MTV Movie Award for Best Cameo
1636955	Nastro d'Argento
10510496	Guldantennen
1773951	Empire Award for Best Actor
2682442	Bodil Award for Best Documentary
3724813	Empire Award for Best Actress
27087824	Armenian SSR State Prize
16086675	Teodor Tsaric Award
11066787	Filmfare Award for Best Female Debut
96377919	Filmfare Critics Award for Best Actress – South
2603334	Zee Cine Award for Best Music Director
492560	IIFA Award for Best Music Director
1414560	Filmfare Award for Best Art Direction
4146626	N.K. Krupskaya's state award
5449087	Filmfare Award for Best Film – Telugu
1798650	National Film Award for Best Feature Film in Telugu
5449065	Filmfare Award for Best Actor – Tamil
6393469	Kerala State Film Award for Second Best Film
5449077	Filmfare Award for Best Director – Telugu
7681326	Tamil Nadu State Film Award for Best Actor
16020749	FIPRESCI Prize of the Festival de Toronto
5449116	Filmfare Special Award – South
13632304	FAMAS Award for Best Supporting Actor
1528041	Jussi Award for Best Film
28782485	Ophir Award for Best Editing
25490075	Ophir Award for best feature film
17011108	Teen Choice Award for Choice Hissy Fit
3114260	grand prix du meilleur scénariste
1075354	Chlotrudis Award for Best Supporting Actress
17010139	People's Choice Award for Favorite Movie Actress
4939862	Bollywood Movie Award – Most Sensational Actress
6585353	Thailand National Film Association Awards
494443	Online Film Critics Society Award for Best Breakthrough Performance
1071888	Chicago Film Critics Association Award for Best Actress
494414	Online Film Critics Society Award for Best Original Score
7413657	San Diego Film Critics Society Award for Best Supporting Actress
1464670	Online Film Critics Society Award for Best Actress
1056240	Hugo Award for Best Dramatic Presentation, Long Form
922396	Broadcast Film Critics Association Award for Best Cast
18694114	Finnish National Prize
3481649	Edda Award for Best Leading Actor or Actress
11700336	Silver Condor Awards
4835466	BET Award for Best Actor & Actress
891482	Bollywood Movie Award – Best Music Director
569979	BAFTA Award for Best Newcomer
20182201	Zee Cine Award-Lux Face of the Year
110281602	Filmfare Critics Award for Supporting Best Actress
1342719	Zee Cine Award for Best Actor in a Supporting Role – Female
5335757	Edda Award for Best Director
113411356	Dovzhenko Gold Medal
24904742	Robert Award for Best Documentary Short
17172665	Crystal Simorgh for Best Supporting Actress
16074092	Crystal Simorgh for Best Director
17172680	Crystal Simorgh for Best Screenplay
17172663	Crystal Simorgh for Best Actor
17172682	Crystal Simorgh for Best Score
17172670	Crystal Simorgh for Best Film Editing
17172667	Crystal Simorgh for Best Supporting Actor
26182988	Turia Award for Best Actor
174673	Polish Academy Award for Best Director
5579155	Golden Arena for Best Screenplay
2601187	Young Artist Award for Best Leading Young Actor in a Feature Film
922263	Critics' Choice Movie Award for Best Director
7826362	Toronto Film Critics Association Award for Best Director
10761808	Toronto Film Critics Association Award for Best Actor
96382225	International Film Music Critics Association Award for Best Original Score for a Documentary
10354961	Prêmio Governador do Estado
11789125	Satellite Award for Best Actor in a Musical or Comedy
109875823	Critics' Choice Movie Award for Best Adapted Screenplay
3910543	Independent Spirit John Cassavetes Award
5449062	Filmfare Award for Best Actor – Telugu
6963238	Nandi Award for Best Actress
5449066	Filmfare Award for Best Actress – Telugu
5449071	Filmfare Award for Best Actress – Tamil
5449074	Filmfare Award for Best Director – Tamil
17008202	Kerala State Film Award for Best Child Artist
3405570	prix de la jeunesse
20076657	Golden Arena for Best Supporting Actor
212828	Goya Awards
187300	Prix Goncourt
1576451	Thessaloniki International Film Festival
4835655	BIFA Award for Best Performance by an Actress in a British Independent Film
24838731	Golden Bauhinia Award for Best Actor
4835654	BIFA Award for Best Performance by an Actor in a British Independent Film
96474691	award for best leading actor
6393447	Kerala State Film Award for Best Dubbing Artist
5449076	Filmfare Award for Best Director – Malayalam
6393468	Kerala State Film Award for Second Best Actress
108256645	Max Ophüls Award
61128080	Gran pri Naisa
5579756	Golden Rooster Award for Best Director
1075371	Chlotrudis Award for Best Cinematography
910299	New York Film Critics Circle Award for Best Cinematography
18234435	Hong Kong Film Award for Best Original Film Song
6393427	Kerala State Film Award for Best Actress
5971219	IIFA Award for Star Debut of the Year – Male
492564	IIFA Award for Best Supporting Actor
891487	Bollywood Movie Award – Best Story
4939859	Bollywood Movie Award – Critics Award Male
5971221	IIFA Award for Star Debut of the Year – Female
1637723	IIFA Award for Best Costume Design
5971210	IIFA Award for Best Story
967577	Molière Awards
5449091	Filmfare Award for Best Film – Tamil
3591629	Stallion of Yennenga
290568	Étoile de cristal
4836791	BUFF International Film Festival
2568877	Vienna Film Award
5449078	Filmfare Award for Best Documentary
6372903	Karnataka State Film Award for Best Supporting Actor
7209847	Polish Academy Award for Best Production Design
547575	Polish Academy Award for Best Costume Design
12808473	Golden Orange Best Film Director Award
5449064	Filmfare Award for Best Actress – Malayalam
93722990	UCIN Award for Best Actress
18110434	BFJA Awards for Best Actress
891500	Bollywood Movie Award – Best Costume Designer
8068397	Zee Cine Award for Best Cinematography
1468372	IIFA Award for Best Actress
5971197	IIFA Award for Best Cinematography
1653819	IIFA Award for Best Choreography
4939856	Bollywood Movie Award – Best Supporting Actress
660520	Screen Award for Best Actress
4939838	Bollywood Movie Award – Best Actress
1264598	Screen Award for Jodi No. 1
2603311	Zee Cine Award for Best Actor – Female
17006221	Zee Cine Award for Best Choreography Award
2603349	Zee Cine Award for Best Film
891478	Bollywood Movie Award – Best Choreography
1967131	National Film Award for Best Choreography
4939845	Bollywood Movie Award – Best Film
1414587	Filmfare RD Burman Award for New Music Talent
1236381	Screen Award for Best Supporting Actress
5971192	IIFA Award for Best Art Direction
1967211	National Film Award for Best Costume Design
5971213	IIFA Award for Best Sound Recording
492578	IIFA Award for Best Supporting Actress
1240387	Zee Cine Award for Best Director
4939836	Bollywood Movie Award – Best Actor
891486	Bollywood Movie Award – Best Director
1566322	Screen Award for Best Actor
1653830	IIFA Award for Best Director
1653839	IIFA Award for Best Actor
663255	Zee Cine Award for Best Actor – Male
55639515	Czech Lion Award for Best Film Poster
97474308	Blue Dragon Film Award for Best Actor
1445524	Young Artist Award for Best Leading Young Actress in a Feature Film
1817233	Robert Award for Best Director
3703459	David di Donatello for Best Editing
4769236	Annie Award for Writing in a Feature Production
1471837	Los Angeles Film Critics Association Award for Best Animated Film
4769231	Annie Award for Directing in a Feature Production
5449067	Filmfare Award for Best Art Director – South
6963246	Nandi Award for Best Choreographer
6963273	Nandi Award for Best Story Writer
1967146	National Film Award for Best Supporting Actress
922226	Broadcast Film Critics Association Award for Best Actress
283473	National Film Award for Best Editing
1314838	National Film Award for Best Female Playback Singer
1967170	National Film Award for Best Feature Film in Marathi
922229	Broadcast Film Critics Association Award for Best Young Performer
6963270	Nandi Award for Best Screenplay Writer
6963289	Nandi Special Jury Award
5449075	Filmfare Award for Best Director – Kannada
4782150	Apsara Award for Best Actor in a Leading Role
429290	National Film Award for Best Film on Other Social Issues
4782156	Apsara Award for Best Director
1661436	Indira Gandhi Award for Best First Film of a Director
1075353	Chlotrudis Award for Best Actress
7414009	San Francisco Bay Area Film Critics Circle Award for Best Actress
6393467	Kerala State Film Award for Second Best Actor
13651847	Nandi Award for Best Actor
1071890	Chicago Film Critics Association Award for Best Supporting Actress
20649538	Mainichi Film Award for Best Art Direction
6963259	Nandi Award for Best Feature Film
10937056	Hundred Flowers Award for Best Supporting Actor
6963247	Nandi Award for Best Cinematographer
56318923	Cinema Brazil Grand Prize for Best Actor
1127473	Outfest
20054261	State Prize of the Azerbaijan SSR
3775029	Filmfare Awards South
17636927	Nastro d'Argento for Best Editing
3910508	Flaiano Prize
932947	Lumières Award for Best Actor
880492	Black Reel Awards
2278467	Kinotavr
520905	British Independent Film Awards 2002
3772363	Globo d'oro for best direction
1407205	Baden-Baden Festival of TV Films
2102534	Polish Academy Award for Best Supporting Actress
3786334	Hollywood Actress Award
18681625	Hollywood Film Awards
18154814	Teen Choice Award for Choice Movie - Drama
290627	Golden stars of French cinema
891488	Bollywood Movie Award – Best Male Debut
165942	Zee Cine Award for Best Male Debut
17005736	London Film Critics Circle Award for British Actress of the Year
3647639	Busto Arsizio Film Festival
50848743	Biznaga de Plata award to best actress
2603352	Zee Cine Award for Best Actor in a Comic Role
115689778	Barcelona Film Award for Best Actress
109376880	Brazilian Cinema Grand Prize for Best Director
7601590	Stardust Award for Breakthrough Performance – Male
1453733	Robert Award
7414012	San Francisco Film Critics Circle Award for Best Director
2024470	Online Film Critics Society Award for Best Costume Design
7826358	Toronto Film Critics Association Award for Best Actress
28837118	Fangoria Chainsaw Award for Best Actress
1409022	Guldbagge Award for Best Actor in a Leading Role
7186863	Phoenix Film Critics Society Award for Best Supporting Actress
5528416	Gawad Urian Awards
18693450	Jussi Award for Best Documentary
5729437	Golden Biznaga
48865347	Cinema Brazil Grand Prize for Best Supporting Actress
4969370	British Academy Children's Awards
28782550	The Ophir Award for Best Costume Design
25490138	Ophir Award - Best Actor
678413	Deutscher Fernsehpreis
382780	Nandi Awards
7971822	Washington D.C. Area Film Critics Association Award for Best Supporting Actress
3053233	Empire Award for Best Newcomer
21096117	Young Artist Award for Best Performance in a Feature Film - Young Ensemble Cast
21097809	Young Artist Award for Best Performance in a Feature Film - Young Actor Age Ten or Younger
21096109	Phoenix Film Critics Society Award for Best Performance by a Youth in a Lead or Supporting Role - Male
21096107	Critics' Choice Award for Best Young Actor
24905560	Karnataka State Jury's Special Award
4873659	Bavarian Film Awards (Production Design)
1026994	Caligari Award
3473910	Satellite Award for Best Sound
182366	Nordic Council Film Prize
844232	Hong Kong Film Critics Society Award
1401882	Golden Calf for Best Long Documentary
7971816	Washington D.C. Area Film Critics Association Award for Best Ensemble
17378147	Byelorussian SSR State Prize
7413643	San Diego Film Critics Society Award for Best Actress
7971807	Washington D.C. Area Film Critics Association Award for Best Actress
5461347	Florida Film Critics Circle Award for Best Actress
7681353	Tamil Nadu State Film Awards
18110437	BFJA Awards for Best Supporting Actress
18359008	Japan Academy Prize for Best Film Editing
24579088	Annie Award for Best Character Animation
4023390	11th Japan Academy Prize
3703468	David di Donatello for Best Supporting Actress
1414485	Filmfare Award for Best Background Score
977167	Zee Cine Award for Best Background Music
1467554	Goya Award for Best Film
1535466	Golden Sparrow - German Children's Film and Media Festival
19395	César Award for Best Film from the European Union
7681339	Tamil Nadu State Film Award for Best Director
1479972	Neues Deutsches Kino award
17011392	Visual Effects Society Award for Outstanding Visual Effects in an Effects Driven Feature Motion Picture
3827284	Las Vegas Film Critics Society Award for Best Supporting Actress
630653	Zee Cine Award for Best Lyricist
891504	Bollywood Movie Award – Critics Award Female
10535566	Ingmar Bergman Award
2330747	Joseph Plateau Award
1967186	National Film Award for Best Film on Family Welfare
894596	Boston Society of Film Critics Award for Best Actress
1075356	Chlotrudis Award for Best Director
5095598	Chicago Film Critics Association Award for Best Screenplay
546160	Chlotrudis Award for Best Original Screenplay
7914164	Vancouver Film Critics Circle Award for Best Film
494457	Online Film Critics Society Award for Best Original Screenplay
7414008	San Francisco Film Critics Circle Award for Best Actor
386602	Online Film Critics Society Award for Best Actor
7826365	Toronto Film Critics Association Award for Best Film
3667643	Chicago Film Critics Association Award for Best Cinematography
7569452	Southeastern Film Critics Association Award for Best Original Screenplay
7971813	Washington D.C. Area Film Critics Association Award for Best Director
7971819	Washington D.C. Area Film Critics Association Award for Best Original Screenplay
5461357	Florida Film Critics Circle Award for Best Screenplay
2102539	Polish Academy Award for Best Supporting Actor
7209844	Polish Academy Audience Award
11886696	Jussi Award for Best Art Direction
4824167	Australian Film Institute International Award for Best Actress
6104736	Golden Orange Award Best FILM
17984817	Empire Award for Best Male Newcomer
2057262	Goya Award for Best Sound
19409	Hong Kong Film Awards
17500978	Golden Horse Award for Best Action Choreography
332869	Karlovy Vary International Film Festival
3029030	Bangkok International Film Festival
3403229	Primetime Emmy Award for Outstanding Directing for a Limited Series, Movie, or Dramatic Special
989453	Primetime Emmy Award for Outstanding Lead Actor in a Miniseries or a Movie
2227366	Robert Award for Best Documentary Feature
18912868	Amanda Award for Best Screenplay
1683205	Japan Academy Prize for Best Newcomer
80299429	European Film Academy Award For An Artistic Contribution
2288991	FAMAS Award for Best Actor
1870463	Los Angeles Film Critics Association Award for Best Supporting Actress
6393423	Kerala State Film Award - Special Jury Award
268200	Screen Actors Guild Award
6296877	Empire Award for Best British Actor
5569066	Phoenix Film Critics Society Award for Best Cast
5569172	San Diego Film Critics Society Award for Best Performance by an Ensemble
4835652	BIFA Award for Best Foreign Independent Film
492557	IIFA Award for Best Performance in a Negative Role
5120625	CineMAA Awards
4921557	Black Reel Award for Best Supporting Actor
7971821	Washington D.C. Area Film Critics Association Award for Best Supporting Actor
5579751	Golden Rooster Award for Best Actress
1045869	Yokohama Film Festival
23657400	Taurus World Stunt Awards for Best Fire Stunt
23701724	Film and Television Music Award for Top Box Office Films
2603323	Zee Cine Award for Best Female Debut
21184787	Bangladesh National Film Award for Best Film
4782153	Apsara Award for Best Actress in a Leading Role
7601593	Stardust Award for Star of the Year – Female
112259827	Best Film Producer (Egypt)
55757565	ANONIMUL International Independent Film Festival
951793	Havana Film Festival
16254643	Biarritz Film Festival
894586	Boston Society of Film Critics Award for Best Screenplay
5211230	Dallas-Fort Worth Film Critics Association Award for Best Supporting Actress
7826370	Toronto Film Critics Association Award for Best Supporting Actress
7413645	San Diego Film Critics Society Award for Best Adapted Screenplay
505425	Los Angeles Film Critics Association Award for Best Screenplay
7971808	Washington D.C. Area Film Critics Association Award for Best Adapted Screenplay
20748315	Prometheus Award - Special Award
8036239	World Soundtrack Award for Best Original Song Written Directly for a Film
918660	BAFTA Rising Star Award
425675	MTV Movie Award for Best Scared-As-S**t Performance
4782152	Apsara Award for Best Actor in a Supporting Role
891496	Bollywood Movie Award – Best Villain
4939854	Bollywood Movie Award – Best Supporting Actor
7601594	Stardust Award for Star of the Year – Male
1414508	Filmfare Award for Best Action
17010934	Stardust Award for Best Supporting Actor
19458641	Kanon prize for best screenplay
18907804	Amanda Award for Best Direction
5488643	Jussi Award for Best Sound Design
18693451	Finnish State Prize for Cinema
105086317	2003 Sitges Film Festival
1535542	Golden Calf for Best Director
4896813	Best Sports Movie ESPY Award
1763328	Alfred P. Sloan Prize
4921550	Black Reel Award for Best Director
5449102	Filmfare Award for Best Supporting Actor – Malayalam
4806821	Asianet Film Awards
1204810	German Film Award for Best Sound Design
23776824	European Film Academy Prix d'Excellence
2256107	Swiss Film Award/Special Jury Prize
28454790	Costume Designers Guild Award for Excellence in Period Film
96195458	Women Film Critics Circle Awards
6393448	Kerala State Film Award for Best Editor
4376971	Genie Award for Best Achievement in Costume Design
12808469	Golden Orange Best Supporting Actress Award
17995894	Grande Prêmio do Cinema Brasileiro for Best Actress
28095715	China Film Director's Guild Award for Best Actor
15727851	International Emmy Award for best TV movie or miniseries
11293547	2005 Czech Lion Awards
51879417	Medalla del Cercle d'Escriptors Cinematogràfics al millor guió original
3335042	prix de l'Âge d'or
1204998	German Cinematographer Award
1647268	Satellite Award for Best Costume Design
4806633	Asian Film Award for Best Supporting Actor
16977394	Mainichi Film Award for Best Actress
20649980	Tokyo Sports Film Award for Best Actress
28095713	China Film Director's Guild Award for Best Director
1071326	Un Certain Regard
4377007	Nika Award for best film
16591983	David Giovani
1169133	National Board of Review Award for Best Original Screenplay
930627	Polish Academy Award for Best Film
7601584	Stardust Award for Best Supporting Actress
1258522	First Steps Award
4835650	BIFA Award for Best British Independent Film
28226237	Houston Film Critics Society Award for Best Cinematography
3077281	Rembrandt Award
3861157	Monte-Carlo Film Festival de la Comédie
5944699	Málaga Film Festival
4769235	Annie Award for Voice Acting in a Feature Production
16987399	Bodil Award for Best Cinematographer
14094507	Sun in a Net Awards
1615920	Hessian Film Award
5971187	IIFA Award for Best Action
3394495	Mestre Mateo Awards
7914158	Vancouver Film Critics Circle Award for Best Actress
3827282	Las Vegas Film Critics Society Award for Best Actress
7186850	Phoenix Film Critics Society Award for Best Actress
7826367	Toronto Film Critics Association Award for Best Supporting Actor
3667647	Chicago Film Critics Association Award for Best Original Screenplay
1870460	Los Angeles Film Critics Association Award for Best Music
7569445	Southeastern Film Critics Association Award for Best Actress
3664507	Central Ohio Film Critics Association Award for Best Actress
1355247	New York Film Critics Circle Award for Best Screenplay
1371682	Satellite Award for Best Actress – Motion Picture
5211222	Dallas-Fort Worth Film Critics Association Award for Best Actress
4820684	August Derleth Award
4782155	Apsara Award for Best Debut Director
1408039	IIFA Award for Best Screenplay
91987431	Young Artist Award for Best Performance in a TV Series - Leading Young Actress
21509286	Chicago Film Critics Association Awards
382371	Guldbagge Award for Best Film
2665874	Screen Actors Guild Award for Outstanding Performance by a Stunt Ensemble in a Motion Picture
2268939	Valladolid International Film Festival
2634461	Goya Award for Best Animated Film
922326	Broadcast Film Critics Association Award for Best Composer
1635307	Satellite Award for Best Supporting Actor – Motion Picture
5449079	Filmfare Award for Best Editor – South
4782163	Apsara Award for Best Music Director
2665878	Screen Actors Guild Award for Outstanding Performance by a Male Actor in a Miniseries or Television Movie
16965899	People's Choice Award for Favorite Female Artist
24880340	Teen Choice Award for Choice Movie – Comedy
2603390	Zee Cine Award – Critics' Choice Best Actor
1634847	Satellite Award for Best Adapted Screenplay
7971814	Washington D.C. Area Film Critics Association Award for Best Cinematography
1696918	Schnitt Award
2603346	Zee Cine Award for Best Dialogue
7601592	Stardust Award for Dream Director
891489	Bollywood Movie Award – Best Dialogue
47536499	Ariel for best special effects
194285	Nebula Award
693797	Lumières Award
4806629	Asian Film Award for Best Actor
1075361	Chlotrudis Award for Best Supporting Actor
55639521	Czech Lion Award for Best Stage Design
5942229	Hundred Flowers Award for Best Director
4782161	Apsara Award for Best Male Debut
7516074	Silver Hugo Award for Best Actress
1718955	Polish Academy Award for Best Cinematography
7929106	Vijay Award for Best Music Director
18912937	Amanda Award for Best Production Design
18912851	Amanda Award for Best Score
18912860	Amanda Award for Best Cinematography
1982554	New Faces Award
7209850	Polish Academy Award for Best Screenplay
910360	Golden Bauhinia Awards
19752448	Citra Award for Best Cinematographer
928164	Polish Academy Award for Best Actress
20649183	Nikkan Sports Film Award for Best Supporting Actress
60773271	Japan Academy Prize for Outstanding Performance by an Actress in a Supporting Role
1651281	32nd Young Artist Awards
1586192	Transilvania International Film Festival
54824268	Locus Award for Best Collection
1359606	Guldbagge Award
20978452	American Cinema Editors Award for Best Edited Documentary Film
16157281	Gaudí a la millor actriu secundària
7524426	Stardust Award for Superstar of Tomorrow – Female
7601595	Stardust Award for Superstar of Tomorrow – Male
4806630	Asian Film Award for Best Actress
4806635	Asian Film Award for Best Supporting Actress
962236	MTV Movie Award for Best Hero
153144	César Award for Best Animated Film
1377745	European Film Award for Best Animated Feature Film
1134095	New York Film Critics Circle Award for Best Animated Film
928115	Polish Academy Award for Best Actor
7209855	Polish Academy Award for Best Sound
2102530	Polish Academy Award for Best Film Score
13000416	Nandi Award for Best Supporting Actor
6157133	Spanish Actors' Union
19459392	Kanon Award for Best Actress
19459428	Kanon Award for best actor in a leading role
17172661	Crystal Simorgh for Best Actress
1535546	Golden Calf for Best Actor
894588	Boston Society of Film Critics Award for Best Cast
10761756	Las Vegas Film Critics Society Award for Best Score
24082666	Film & TV Theme Awards – Film Awards
24082788	Taurus World Stunt Award for Best Overall Stunt by a Stunt Woman
4651500	AFI Members' Choice Award
24059809	Pedro Sienna Award for best screenplay
24051701	Premio Unión de Actores a la mejor actriz protagonista de cine
7420677	Santosham Best Actor Award
4806631	Asian Film Award for Best Director
28778112	Ophir Award for best screenplay
3613376	Israeli Television Academy Awards
28137472	Guldbagge Award for Best Costume Design
3922507	Producers Award
4377004	Nika Award for Discovery of the Year
1334229	National Film Award for Best Feature Film in English
1502249	Genie Awards
16258998	Asian Film Award for Best Newcomer
5579758	Golden Rooster Award for Best Supporting Actor
4376991	Golden Eagle Award for Best Motion Picture
4377003	Golden Eagle Award for Best director
19321753	Bodil Special Award
3394369	Goya Award for Best Documentary Film
1161102	MTV Movie Award for Best Jaw Dropping Moment
2510955	Japan Academy Prize for Animation of the Year
5449080	Filmfare Award for Best Female Debut – South
3827269	Las Vegas Film Critics Society Award for Best Actor
494453	Online Film Critics Society Award for Best Editing
23784051	Deutscher Fernsehpreis/Best Music
5449109	Filmfare Award for Best Supporting Actress – Telugu
240201	BAFTA Award for Best Animated Film
7929122	Vijay Award for Favourite Heroine
18154825	Teen Choice Award for Choice Movie Actress - Sci-Fi/Fantasy
24248365	Teen Choice Award for Choice Summer Movie Star: Female
24275937	Teen Choice Award for Choice Movie: Liplock
18912968	Amanda Award for Best Editing
7929088	Vijay Award for Best Actor
6938317	Murex d'Or
18912570	Amanda Award for Best Supporting Actor
108196808	Amanda Award for best sound editing
11873099	Kritiikin Kannukset
8036240	World Soundtrack Award for Discovery of the Year
15205008	Nandi Award for Best Villain
2603377	Zee Cine Award for Most Promising Director
1326327	Screen Award for Best Director
2603339	Zee Cine Award for Best Story
1748337	National Film Award for Best Male Playback Singer
17984813	Empire Award for Best Female Newcomer
24053931	Golden Schmoes Awards
4806448	Asia Pacific Screen Award for Best Performance by an Actor
11923877	Gaudí Award for Best Original Screenplay
11923874	Gaudí Award for Best Actor in a Supporting Role
18394834	Tribeca Film Festival Award for Best Actress
16157269	Gaudí Award for Best Actress in a Leading Role
20649986	Tokyo Sports Film Award for Best Supporting Actress
7153524	Paul Selvin Award
7414016	San Francisco Film Critics Circle Award for Best Original Screenplay
28454791	Costume Designers Guild Award for Excellence in Fantasy Film
60041705	European Film Award for Best Visual Effects
107564764	British Society of Cinematographers Award for Best Cinematography in a Theatrical Feature Film
42318252	European Film Award for Best Hair and Makeup Artist
3827286	Las Vegas Film Critics Society Award for Best Screenplay
3703467	David di Donatello for Best Make Up
3703449	David di Donatello for the Best Hairdresser
184349	Zee Cine Awards
111986778	Producer of the Year
3140055	Hong Kong Film Award for Best Screenplay
23198398	Danish Writers Guild Best Screenplay Award
18912572	Amanda Award for Best Supporting Actress
2607188	Czech Lion for Best Actress in Leading Role
55639506	Czech Lion Award for Best Costume Design
55639518	Czech Lion Award for Best Music
2607177	Czech Lion for Best Supporting Actress
1769490	Trophée Chopard
24905095	Independent Spirit Robert Altman Award
19321683	Henning Bahs Award
12681107	Citra Award for Best Leading Actress
15731914	Premio Feroz for Best Main Actress
4921551	Black Reel Award for Best Ensemble
16157289	Gaudí Award for Best Director
11923867	Gaudí Award for Best Cinematography
20106058	Gaudí Award for Best Non-Catalan Language Film
20103867	Gaudí Award for Best Sound
4649837	AACTA International Award for Best Direction
4649838	AACTA International Award for Best Film
4649835	AACTA International Award for Best Actress
86664758	Waterloo Historical Film Festival
1060024	Marcello Mastroianni Award
15844227	Broadcast Film Critics Association Award for Best Actor in an Action Movie
26186036	AVN Best Girl/Girl Sex Scene
26186100	AVN Award for Best Non-Sex Performance
19867159	XBIZ Award for Best Supporting Actress
20100152	Gaudí Award for Best Film in Catalan Language
11923879	Gaudí Award for Best Costume Design
24904745	Robert Award for Best Song
1967153	National Film Award for Best Audiography
1630903	Lumières Award for Most Promising Actress
5569251	St. Louis Gateway Film Critics Association Award for Best Actor
20078701	European Film Award for Best Sound Designer
2226481	Saturn Award for best production design
11923873	Gaudí Award for Best Actor in a Leading Role
77424833	Doclisboa/Award For Best International Competition Film
18912950	Amanda Award for Best Visual Effects
12729441	Gopo Award for Best Actor
4654314	ASPA Jury Grand Prize
4120984	Magritte Award for Best Director
873842	Romy
2004138	Nigar Awards
7414019	San Francisco Film Critics Circle Award for Best Supporting Actress
1470333	Online Film Critics Society Award for Best Supporting Actress
5461362	Florida Film Critics Circle Award for Best Supporting Actress
111009212	Male Performance in Film
107994805	Detroit Film Critics Society Award for Best Breakthrough Performance
11923872	Gaudí Award for Best Documentary
11923878	Gaudí Award for Best Film Editing
20078689	European Film Academy Young Audience Award
5030544	Canadian Screenwriting Awards
5840270	Espiga de Oro
2827843	Polish Academy Award for Best European Film
6359054	Silver Condor Award for Best Ibero-American Film
6343203	Ariel Award for Best Ibero-American Film
52306030	Platino Award for Best Documentary
104882534	Platino Award for Film and Education Values
44498103	European University Film Award
1554224	Guldbagge Award for Best Cinematography
16573360	German Film Award for Best Costume Design
17629159	Silver Goddess
96382223	International Film Music Critics Association Award for Best Original Score for a Comedy Film
21866939	National Society of Film Critics Award
48816784	Vancouver Film Critics Circle Award for Best Supporting Actress in a Canadian Film
4041580	Iris Prize
74829846	Austrian Film Award for Best Documentary
17172675	Crystal Simorgh for Best Makeup
7929119	Vijay Award for Favourite Director
1967189	National Film Award for Best Feature Film in Tamil
15818260	Premio Feroz for Best Trailer
110853103	Silver Biznaga for Best Female Performance
108196872	Amanda Award for best costume design
4782157	Apsara Award for Best Female Debut
2000127	Goya Award for Best Artistic Direction
48848495	Gotham Independent Film Award for Breakthrough Actor
24059423	Pedro Sienna Award for best direction
2354778	Satellite Award for Best Foreign Language Film
3394364	Goya Award for Best Makeup and Hairstyles
20105642	Gaudí Award for Best Art Direction
20103596	Gaudí Award for Best Makeup
106352153	CEC Medal for Best New Actor
7420695	Santosham Film Awards
15731591	Premio Feroz for Best Director
16058281	Indiana Film Journalists Association Award for Best Actor
4896626	Best Director
110908055	Austrian Film Award for Best Costume Design
26182987	Turia Award for Best Actress
5449101	Filmfare Award for Best Music Director – Telugu
6963268	Nandi Award for Best Music Director
2366084	Sundance U.S. Directing Award: Dramatic
1414673	Filmfestival Max Ophuels Prize
2606762	Austrian Film Award for Best Actor
16662066	Magritte Award for Most Promising Actress
110701253	César Award for Best Visual Effects
1075364	Chlotrudis Award for Best Cast
23894506	Hollywood Film Award for Visual Effects of the Year
23656761	Scream Award for Best Science Fiction Actress
24034699	Scream Award for Best Superhero
24034692	Scream Award for Best Villain
919525	British Independent Film Awards
16864717	Filmfare Critics Award for Best Actress
2606759	Austrian Film Award for Best Actress
104540903	Filmfare OTT Awards
8849527	Citra Award for Best Director
16825873	Africa Magic Viewers' Choice Awards
18535068	European Film Award for Best Comedy
28542222	Guldbagge Award for Best Original Score
1204845	Deutscher Filmpreis 2010
18646842	Skup Award
8036243	World Soundtrack Award for Soundtrack Composer of the Year
15818265	Premio Feroz for Best Film Poster
15735989	Premio Feroz for Best Supporting Actress
15818266	Premio Feroz for Best Original Soundtrack
7601589	Stardust Award for Breakthrough Performance – Female
4835657	BIFA Award for Best Supporting Actress
97194665	Prix Iris for Best Makeup
20078704	European Film Award for Best Costume Designer
65121864	Baeksang Arts Award for Best New Actress - Film
2358089	Satellite Award for Best Film
3394790	Goya Award for Best Original Song
15731913	Premio Feroz for Best Main Actor
15731592	Premio Feroz for Best Screenplay
110849326	Sant Jordi Prize for Best Actor
110929392	Forqué Awards for Best Lead Actor
1803913	Swiss Film Award for Best Screenplay
2256090	Swiss Film Award for Best Actress
110961984	Silver Bear for Best Leading Performance
1535559	Golden Calf for Best Short Documentary
122723224	SIIMA Award for Best Actress – Malayalam
1386867	Swiss Film Award for Best Fiction Film
107435852	Austrian Film Award for Best Supporting Actress
110908115	Austrian Film Award for Best Score
19004352	Lumières Award for Best Cinematography
3703456	David di Donatello for Best European Film
1659564	Alliance of Women Film Journalists
108857021	Silver Shell for Best Leading Performance
111449058	Robert Award for Best Adapted Screenplay
110907950	Austrian Film Award for Best Cinematography
6084822	Pedro Sienna Awards
2159561	Queer Palm
116445374	Jussi Award for Best Leading Actor
110908136	Austrian Film Award for Best Sound
2606756	Austrian Film Award for Best Director
12729434	Gopo Award for Best Supporting Actress
6372904	Karnataka State Film Award for Best Supporting Actress
5894572	Hong Kong Film Award for Best Supporting Actress
3225371	Broadcast Film Critics Association Award for Best Art Direction
20649907	ETC Bollywood Business Awards
4873654	Bavarian Film Awards (Best Director)
106938089	Günther Rohrbach film award
501058	People's Choice Awards
24261862	Critics' Choice Movie Award for Best Actress in an Action Movie
29056755	Redkollegia
951810	Lumières Award for Best Film
4377002	Golden Eagle Award for Best Cinematography
5449063	Filmfare Award for Best Actress – Kannada
10937057	Hundred Flowers Award for Best Screenplay
28095717	China Film Director's Guild Award for Best Actress
5449059	Filmfare Award for Best Actor – Kannada
110908079	Austrian Film Award for Best Makeup
6372900	Karnataka State Film Award for Best Screenplay
845877	Huabiao Awards
110961983	Silver Bear for Best Supporting Performance
11624249	Fujimoto Prize
102037587	Austrian Film Award for Best Editing
913843	Lumières Award for Most Promising Actor
1967179	National Film Award for Best Feature Film in Oriya
5860975	Jaipur International Film Festival
15735984	Premio Feroz for Best Supporting Actor
110929393	Forqué Award for the best female performance
1025968	Cairo International Film Festival
11923870	Gaudí Award for Best Original Score
96474676	award for best leading actress
595697	Crystal Simorgh
1554227	Guldbagge Award for Best Actress in a Supporting Role
10937053	Hundred Flowers Award for Best Supporting Actress
2256093	Swiss Film Award for Best Music
4835656	BIFA Award for Best Supporting Actor
6963271	Nandi Award for Best Popular Feature Film
5449068	Filmfare Award for Best Cinematographer – South
11213906	Nandi Award for Best Editor
6787318	Mathrubhumi Film Awards
110908123	Austrian Film Award for Best Production Design
25346181	Black Reel Award for Outstanding Ensemble
50807457	Platino Award for Best Actress
111962636	Platino Award for Best Supporting Actress
107435853	Austrian Film Award for Best Supporting Actor
1793238	Austrian Film Award for Best Feature Film
110907810	Austrian Film Award for Best Screenplay
17560574	Docaviv
111962642	Platino Award for Best Supporting Actor
16010019	Magritte Award for Best Actress
5579598	Golden Kela Awards
16965857	Silver Condor Award for Best Supporting Actress
28534133	Platino Award for Best Actor
4376974	Genie Award for Best Achievement in Overall Sound
108196863	Amanda Award for best best makeup and hairdressing
2285851	Silver Bear for Best Script
30633605	Primetime Emmy Award for Outstanding Picture Editing for a Nonfiction Program
17500992	Golden Horse Award for Best New Director
391629	Teen Choice Awards
5280670	Directors Guild of America Award for Outstanding Directing – Comedy Series
6948884	Mystery Writers of Japan Award
740089	Leo Awards
5449097	Filmfare Award for Best Male Playback Singer – Telugu
5449092	Filmfare Award for Best Lyricist – Telugu
18205073	2015 Kids' Choice Awards
7971815	Washington D.C. Area Film Critics Association Award for Best Documentary
7027841	Independent Spirit Award for Best Documentary Feature
3108996	Globes de Cristal Awards
18291959	Guldbagge Award for Best Documentary Feature
28137470	Guldbagge Award for Best Editing
1535504	Goldenes Brett
15830911	Broadcast Film Critics Association Award for Best Actor in a Comedy
861617	New York Film Critics Online
1206671	National Society of Film Critics
21804548	Edison Awards
12808472	Golden Orange Best Actress Award
1293276	Screen Awards
2004286	Producers Guild Film Awards
5708418	Noor Iranian Film Festival
5175209	Costume Designers Guild Award for Excellence in Fantasy Costume Design for Film
18388319	Kinema Junpo Award for Best Actress
6963266	Nandi Award for Best Male Comedian
54621438	Kids' Choice Award for Favorite Animated Movie
15805569	Deutscher Filmpreis 2013
1524205	Gilde Film Price
2256098	Swiss Film Award for Best Cinematography
7567536	South Indian International Movie Awards
3276829	Broadcast Film Critics Association Award for Best Costume Design
7420678	Santosham Best Actress Award
6963253	Nandi Award for Best Female Dubbing Artist
5449093	Filmfare Award for Best Male Debut – South
922379	Critics' Choice Movie Award for Best Original and Adapted Screenplay
30327090	Annecy Cristal for a Short Film
25383773	Amnesty International Film Award
3459735	Canadian Screen Awards
7929118	Vijay Award for Entertainer of the Year
7929096	Vijay Award for Best Crew
7929100	Vijay Award for Best Director
8068400	Zee Cine Award – Critics' Choice Best Film
16936987	IIFA Award for Hottest Pair
18754945	41st People's Choice Awards
1535556	Golden Calf for Best Montage
7681324	Tamil Nadu State Film Award Special Prize
6963250	Nandi Award for Best Dialogue Writer
7601572	Stardust Award for Best Actress
12504663	Citra Award for Best Leading Actor
5338360	Edison Awards
97579371	Platino Award for Best First Feature Film
85749015	British Independent Film Award for Best Cinematography
28805401	Guldbagge Award for Best Art Direction
3910742	Locarno International Film Festival Special Jury Prize
1604012	Ophir Award
279820	Gouden Kalf
5449086	Filmfare Award for Best Film – Kannada
3612192	Academy of Canadian Cinema and Television Award for Best Performance by an Actor in a Leading Role
7929098	Vijay Award for Best Debut Actor
969394	Sundance Film Festival World Cinema Dramatic Grand Jury Prize
4649836	AACTA International Award for Best Actor
43079807	BET Award for Best Actress
25350547	Black Reel Award for Outstanding Supporting Actress
4921549	Black Reel Award for Best Breakthrough Performance
5449084	Filmfare Award for Best Female Playback Singer – Telugu
693421	Screen Award for Most Promising Newcomer – Female
23055172	Times of India Film Awards
2603368	Zee Cine Award for Best Screenplay
7601579	Stardust Award for Best Drama Actress
1653821	IIFA Award for Best Background Score
1967176	National Film Awards for Best Feature Film in Punjabi (Discontinued or Intermittent)
4835669	BIG Star Entertainment Awards
10429823	Biopublikens Award
116994577	Latin Horizons
116994483	Golden alexander
6393439	Kerala State Film Award for Best Comedian
7601574	Stardust Award for Best Comedy – Romance Actress
30674067	Ananda Vikatan Cinema Awards
3070711	Gijón International Film Festival
12729429	Gopo Award for Best Actress
7929103	Vijay Award for Best Film
116445412	Jussi Award for Best Newcomer
7209845	Polish Academy Award for Best Editing
28836246	Hungarian Film Award for Best Director
28836441	Hungarian Film Award for Best Actress
28836982	Hungarian Film Award for Best Composer (Feature Film)
28836661	Hungarian Film Award for Best Editor (Feature Film)
1560272	Günter Rohrbach film award
6393443	Kerala State Film Award for Best Debut Director
5593771	Grammy Award for Best Compilation Soundtrack for Visual Media
35753486	San Diego Film Award for Best Feature Film
7601570	Stardust Award for Best Actor
580231	Golden Eagle Awards
194258	Japan Academy Film Prize
7929089	Vijay Award for Best Actress
7929091	Vijay Award for Best Choreographer
7929115	Vijay Award for Best Villain
7929092	Vijay Award for Best Cinematographer
2908669	Haifa International Film Festival
4769232	Annie Award for Music in a Feature Production
65121948	Annie Award for Best Production Design in an Animated Feature Production
39336	Rome Film Festival
24199549	Annie Award for Outstanding Achievement, Animated Effects in a Live Action Production
18154829	Teen Choice Award for Choice Movie Scene Stealer
42623246	Nora Ephron Prize
16154921	AACTA International Award for Best Supporting Actress
15731469	Premio Feroz for Best Comedy
52305798	Platino Award for Best Screenplay
31887468	Guldbagge Award for Best Sound
12338001	Svend Award
3497114	Stardust Awards
1774383	Empire Award for Best Director
3069907	Festival Jean Carmet
16101785	Swiss Film Award for Best Film Editing
725932	Vulcan Award
20002159	Mainichi Film Award for Best Cinematography
3841329	MIFF
25438939	Grande Prêmio do Cinema Brasileiro 2015
106949473	German Acting Award
955361	Sebastiane Award
22674761	Štiglic Award
39049509	Behindwood Gold Medal
7681327	Tamil Nadu State Film Award for Best Actress
1204830	German Film Award for Best Documentary Film
48865311	2017 Brazilian Cinema Grand Prix
1948068	Ensors
7929101	Vijay Award for Best Editor
20062575	Golden Horse Award for Best Documentary
87843931	UCIN Award for Best First Film
12729422	Gopo Young Hope Award
71709977	UCIN Iurie Darie Special Jury’s Award
211198	audience
4881714	Bel Air Film Festival
19880972	People Magazine Awards
17150981	Prémio Autores
17008193	Kerala State Film Award for Best Background Music
56344490	Face Awards
18154821	Teen Choice Award for Choice Movie Actor - Sci-Fi/Fantasy
4220917	film award
59393020	Best Writing, Screenplay
18141742	Best Original Score
4896556	Best Actor Award
24904939	National Board of Review Award for Breakthrough Performance
4896562	Best Actress
61275244	South African Film and Television Awards - Best Scenario
16154915	AACTA International Award for Best Supporting Actor
585910	Screamfest Horror Film Festival
3150030	Independent Spirit Award
3117505	Gaudí Awards
28836457	Hungarian Film Award for Best Supporting Actress (Feature Film)
16662055	Magritte Award for Best Cinematography
61947631	2019 Kids' Choice Awards
3895780	Locarno International Film Festival Best Actress Award
11897474	State Award for Public Information
29519178	Golden Dzyga Award for Best Second Plan Actors
6359164	Premios Sur Award for Best Actor
110917569	Chinese Film Media Awards for Best Actress
16010021	Magritte Award for Best Supporting Actress
1720787	National Film Award for Best Feature Film in Assamese
4649839	AACTA International Award for Best Screenplay
16662074	Magritte Award for Best First Feature Film
85196660	Seiun Award - Best Media
947114	Academy of Motion Picture Arts and Sciences of Argentina Awards
22704096	The Razzie Redeemer Award
111009229	Female Performance in Film
7186873	Phoenix Film Festival
617729	Jerusalem Film Festival
1023924	CNN-News18
16834569	Asiavision Awards
7914992	Vanitha Film Awards
655089	International Indian Film Academy Awards
6963263	Nandi Award for Best Lyricist
570091	Festival International du Film Francophone de Namur
17354954	Un certain regard Award
25347239	Black Reel Award for Outstanding Breakthrough Performance
29830394	North American Film Awards
17078477	Padmarajan Award
39059065	CPC Cine Awards
22950155	Regard d'or
2256104	Swiss Film Award for Best Documentary Film
107326980	Les Arcs European Film Festival Award for Best Actor
16662060	Magritte Award for Best Production Design
55639520	Czech Lion Award for Best Sound
1402316	Czech Lion for Best Film
15902550	Feitian Award for Outstanding Actress
17006921	Metro Manila Film Festival Award for Best Supporting Actress
19894598	Bangladesh National Film Award for Best Director
18356468	Bangladesh National Film Award for Best Actor
31723871	Bangladesh National Film Award for Best Supporting Actress
25587872	Bangladesh National Film Award for Best Supporting Actor
61356608	Bangladesh National Film Award for Best Child Artist
19573240	Bangladesh National Film Award for Best Music Direction
61356610	Bangladesh National Film Award for Best Cinematography
19573237	National Film Award for Best Actress
29831454	2nd IIFA Utsavam
6393333	Kerala Film Critics Association Awards
321207	Alfred Bauer Prize
48723943	SIIMA Award for Best Actor
11247971	News and Documentary Emmy Award
16662068	Magritte Award for Most Promising Actor
15830903	Broadcast Film Critics Association Award for Best Actress in a Comedy
30062024	L'Œil d'or
15942635	Champs-Élysées Film Festival
20015044	Torremolinos International Fantastic Film Festival
28402571	Gold Derby Awards
1538791	Gotham Awards
48760351	Cesar of the public
28836448	Hungarian Film Award for Best Actor
5449113	Filmfare Critics Award for Best Actor – South
112179170	Núvol Awards
5449085	Filmfare Award for Best Film – Malayalam
4671430	Academy of Canadian Cinema and Television Award for Best Performance by an Actor in a Supporting Role
1414683	Festival de Gramado
1350697	National Film Awards
30593627	Hong Kong Film Award for Best Editing
2111269	Lumières Award for Best Director
29253781	Norway Tamil Film Festival
7060858	Norway Tamil Film Festival Awards
6963240	Nandi Award for Best Character Actor
1204834	German Film Award Best Production Design
824667	Bernhard Wicki Award
2005904	Vancouver International Film Festival
5339068	Edmonton International Film Festival
4986375	Buil Film Awards
16184868	Director's Cut Awards
5449107	Filmfare Award for Best Supporting Actress – Kannada
17354850	Label Europa Cinemas
1777089	Bergen International Film Festival
122423327	SIIMA Critics Award for Best Actress – Malayalam
116784031	Kerala Film Critics Association Award for Best Supporting Actress
2544844	Independent Spirit Award for Best Film
4873651	Bavarian Film Awards (Best Acting)
23688051	Sundance Festival Awards
6393465	Kerala State Film Award for Best Sound Recordist
24900788	Primetime Emmy Award for Exceptional Merit in Documentary Filmmaking
4873657	Bavarian Film Awards (Best Production)
29517451	Golden Dzyga Award for Best Leading Role Actor
826167	Network for the Promotion of Asian Cinema
16025043	Gold Hugo
5579728	Golden Pyramid Award
12729437	Gopo Award for Best Supporting Actor
55853656	Preis für Popkultur
61911971	German Film Critics' Prize for the best documentary film
306143	Austrian Film Award
116744006	Chinese Film Media Awards for Best Supporting Actor
4569770	Robert Award for Best Children's Film
384139	Africa Movie Academy Awards
6393454	Kerala State Film Award for Best Music Director
1998348	Nordisk Film Prisen
836736	Shogakukan Manga Award
41013134	Guayaquil International Film Festival
110453232	Detroit Film Critics Society Awards 2021
5569281	Washington D.C. Area Film Critics Association Award for Best Actor
30894009	Golden Leopard - Filmmakers of the Present
48816782	Vancouver Film Critics Circle Award for Best Director of a Canadian Film
7914157	Vancouver Film Critics Circle Award for Best Actor in a Canadian Film
1275682	Golden Calf for Best Sound Design
84567890	BAFTA Award for Best Casting
109116614	British Independent Film Award for Best Casting
115705929	UCIN Award for Best Supporting Actor
11923868	Gaudí Award for Best Production Director
20105715	Gaudí Award for Best Visual Effects
17007345	Citra Award for Best Supporting Actress
111009268	Achievement in Film Production
110864380	Berlanga Award for Best Actor
55639517	Czech Lion Award for Best Makeup and Hairstyling
16827140	Best of Nollywood Awards
